{
  "data": [
    {
      "id_produk": "1",
      "slug": "dessert-box",
      "nama": "Dessert Box",
      "harga": 30000,
      "deskripsi": "Dessert box adalah sebuah konsep kemasan atau wadah yang berisi beragam jenis makanan penutup atau hidangan manis. Biasanya, dessert box dirancang untuk memberikan pengalaman yang beragam dan memuaskan bagi para pecinta makanan penutup. Isinya bisa beragam, mulai dari kue, cake pops, cookies, pudding, macarons, brownies, hingga buah-buahan yang dipadukan dengan berbagai jenis saus atau krim.",
      "kategori": "Makanan",
      "gambar": ["dessert-box-1.png", "dessert-box-2.png", "dessert-box-3.png"],
      "disukai": 0,
      "id_penjual": "cassie-seller",
      "id_toko": "cassie-bakery"
    },
    {
      "id_produk": "2",
      "slug": "desain-ilustrasi",
      "nama": "Desain Ilustrasi",
      "harga": 50000,
      "deskripsi": "Digital Artist Viel menyediakan jasa desain illustrasi 2D yang memikat dan inovatif untuk memenuhi kebutuhan visual pelanggan dengan kombinasi keahlian seni dan teknologi.",
      "kategori": "Jasa",
      "gambar": [
        "desain-ilustrasi-1.jpg",
        "desain-ilustrasi-2.png",
        "desain-ilustrasi-3.png"
      ],
      "disukai": 0,
      "id_penjual": "xavier-harahap",
      "id_toko": "viels-design-studio"
    },
    {
      "id_produk": "3",
      "slug": "desain-ilustrasi-2",
      "nama": "Desain Ilustrasi (2)",
      "harga": 50000,
      "deskripsi": "Digital Artist Viel menyediakan jasa desain illustrasi 2D yang memikat dan inovatif untuk memenuhi kebutuhan visual pelanggan dengan kombinasi keahlian seni dan teknologi.",
      "kategori": "Jasa",
      "gambar": [
        "desain-ilustrasi-1.jpg",
        "desain-ilustrasi-2.png",
        "desain-ilustrasi-3.png"
      ],
      "disukai": 0,
      "id_penjual": "xavier-harahap",
      "id_toko": "viels-design-studio"
    },
    {
      "id_produk": "4",
      "slug": "cake",
      "nama": "Cake",
      "harga": 450000,
      "deskripsi": "Every cake have a different story, just like memories❤️",
      "kategori": "Makanan",
      "gambar": [
        "freya-product1a.png",
        "chintya-product1b.png",
        "chintya-product1c.png"
      ],
      "disukai": 92,
      "id_penjual": "freya-tombokan",
      "id_toko": "syellys-cake-and-bakery"
    },
    {
      "id_produk": "5",
      "slug": "brownies",
      "nama": "Brownies",
      "harga": 120000,
      "deskripsi": "Every cake have a different story, just like memories❤️.",
      "kategori": "Makanan",
      "gambar": ["freya-product2.jpg"],
      "disukai": 78,
      "id_penjual": "freya-tombokan",
      "id_toko": "syellys-cake-and-bakery"
    },
    {
      "id_produk": "6",
      "slug": "gabin-fla-susu",
      "nama": "Gabin Fla Susu",
      "harga": 2000,
      "deskripsi": "Menyediakan kue yang sederhana namun enak saat dimakan.",
      "kategori": "Makanan",
      "gambar": ["chintya-product.png"],
      "disukai": 45,
      "id_penjual": "chintya-araman",
      "id_toko": "kue-chintya"
    },
    {
      "id_produk": "7",
      "slug": "mie-goblin",
      "nama": "Mie Goblin",
      "harga": 18000,
      "deskripsi": "Mie Jebew Pedas.",
      "kategori": "Makanan",
      "gambar": ["mie-goblin.png"],
      "disukai": 330,
      "id_penjual": "rizal-maulana",
      "id_toko": "mie-jebeww"
    },
    {
      "id_produk": "8",
      "slug": "mie-vasor",
      "nama": "Mie Vasor",
      "harga": 18000,
      "deskripsi": "Rasa yang kaya dan lezat tanpa dominasi rasa pedas atau manis yang kuat.",
      "kategori": "Makanan",
      "gambar": ["mie-savor.png"],
      "disukai": 289,
      "id_penjual": "rizal-maulana",
      "id_toko": "mie-jebeww"
    },
    {
      "id_produk": "9",
      "slug": "mie-fiery-sweet-blaze",
      "nama": "Mie fiery Sweet Blaze",
      "harga": 20000,
      "deskripsi": "Kombinasi yang menggugah selera antara rasa pedas yang membara dan manis yang memikat dalam hidangan mie.",
      "kategori": "Makanan",
      "gambar": ["mie-fiery-sweet-blaze.png"],
      "disukai": 235,
      "id_penjual": "rizal-maulana",
      "id_toko": "mie-jebeww"
    },
    {
      "id_produk": "10",
      "slug": "ayam-crispy",
      "nama": "Ayam Crispy",
      "harga": 12000,
      "deskripsi": "Ayam dengan tepung yang renyah.",
      "kategori": "Makanan",
      "gambar": ["ayam-crispy.png"],
      "disukai": 211,
      "id_penjual": "ricard-rungkat",
      "id_toko": "warung-ayam-gurih"
    },
    {
      "id_produk": "11",
      "slug": "ayam-pedas-manis-+-nasi",
      "nama": "Ayam Pedas Manis + Nasi ",
      "harga": 22000,
      "deskripsi": "Ayam dengan tepung yang renyah dengan Nasi Hangat.",
      "kategori": "Makanan",
      "gambar": ["ayam-pedasmanis-nasi.png"],
      "disukai": 298,
      "id_penjual": "ricard-rungkat",
      "id_toko": "warung-ayam-gurih"
    },
    {
      "id_produk": "12",
      "slug": "ayam-bakar",
      "nama": "Ayam Bakar",
      "harga": 18000,
      "deskripsi": "Ayam bakar pedas manis.",
      "kategori": "Makanan",
      "gambar": ["ayam-bakar.png"],
      "disukai": 193,
      "id_penjual": "ricard-rungkat",
      "id_toko": "warung-ayam-gurih"
    },
    {
      "id_produk": "13",
      "slug": "dress-korean-look",
      "nama": "Dress Korean Look",
      "harga": 180000,
      "deskripsi": "Dress mini dengan sentuhan korea yang penuh dengan motif bunga dan detail ruffle yang feminin.",
      "kategori": "Fashion",
      "gambar": ["mini-dress.png"],
      "disukai": 93,
      "id_penjual": "anjelika-mutiara",
      "id_toko": "anjel-fashion"
    },
    {
      "id_produk": "14",
      "slug": "dress-korean-look",
      "nama": "Dress Korean Look",
      "harga": 210000,
      "deskripsi": "Long Dress dengan sentuhan korea yang penuh dengan motif bunga dan detail ruffle yang feminin.",
      "kategori": "Fashion",
      "gambar": ["long-dress.png"],
      "disukai": 89,
      "id_penjual": "anjelika-mutiara",
      "id_toko": "anjel-fashion"
    },
    {
      "id_produk": "15",
      "slug": "boots-korean-look",
      "nama": "Boots Korean Look",
      "harga": 300000,
      "deskripsi": "Sepatu Boots Korean yang membentuk indah kaki.",
      "kategori": "Fashion",
      "gambar": ["boots.png"],
      "disukai": 70,
      "id_penjual": "anjelika-mutiara",
      "id_toko": "anjel-fashion"
    },
    {
      "id_produk": "16",
      "slug": "gelang-couple-cute",
      "nama": "Gelang Couple Cute",
      "harga": 28000,
      "deskripsi": "Gelang Persabahatan.",
      "kategori": "Aksesoris",
      "gambar": ["gelang-couple.jpg"],
      "disukai": 346,
      "id_penjual": "faithful-mandagi",
      "id_toko": "faithaks"
    },
    {
      "id_produk": "17",
      "slug": "kalung-couple-cute",
      "nama": "Kalung Couple Cute",
      "harga": 30000,
      "deskripsi": "Kalung Persabahatan.",
      "kategori": "Aksesoris",
      "gambar": ["kalung-couple.jpg"],
      "disukai": 268,
      "id_penjual": "faithful-mandagi",
      "id_toko": "faithaks"
    },
    {
      "id_produk": "18",
      "slug": "cincin-couple-cute",
      "nama": "Cincin Couple Cute",
      "harga": 40000,
      "deskripsi": "Cincin Persabahatan.",
      "kategori": "Aksesoris",
      "gambar": ["cincin-couple.jpg"],
      "disukai": 191,
      "id_penjual": "faithful-mandagi",
      "id_toko": "faithaks"
    },
    {
      "id_produk": "1",
      "slug": "video-editing",
      "nama": "Video Editing",
      "harga": 100000,
      "deskripsi": "Viel menyediakan jasa video-editing bagi yang perlu jasa editing untuk video mereka.",
      "kategori": "Jasa",
      "gambar": ["video-editing.png"],
      "disukai": 0,
      "id_penjual": "xavier-harahap",
      "id_toko": "viels-multimedia-services"
    },
    {
      "id_produk": "2",
      "slug": "poster-design",
      "nama": "Poster Design",
      "harga": 50000,
      "deskripsi": "Viel menyediakan jasa desain poster bagi yang perlu desain poster.",
      "kategori": "Jasa",
      "gambar": ["poster-design.png"],
      "disukai": 0,
      "id_penjual": "xavier-harahap",
      "id_toko": "viels-multimedia-services"
    },
    {
      "id_produk": "3",
      "slug": "youtube-thumbnail",
      "nama": "Thumbnail YouTube",
      "harga": 50000,
      "deskripsi": "Viel menyediakan jasa desain youtube thumbnail juga bagi para YouTuber.",
      "kategori": "Jasa",
      "gambar": ["youtube-thumbnail.jpeg"],
      "disukai": 0,
      "id_penjual": "xavier-harahap",
      "id_toko": "viels-multimedia-services"
    },
    {
      "id_produk": "1",
      "slug": "pregnancy-skincare",
      "nama": "Pregnancy Skincare",
      "harga": 140000,
      "deskripsi": "",
      "kategori": "Produk",
      "gambar": ["pregnancy-skincare.jpeg"],
      "disukai": 0,
      "id_penjual": "dina-wowor",
      "id_toko": "beauty-glow-skincare"
    },
    {
      "id_produk": "2",
      "slug": "all-in-one-skincare",
      "nama": "All-In-One Skincare",
      "harga": 210000,
      "deskripsi": "Krim yang memenuhi 90% kebutuhan skincare anda!",
      "kategori": "Produk",
      "gambar": ["all-in-one-skincare.png"],
      "disukai": 0,
      "id_penjual": "dina-wowor",
      "id_toko": "beauty-glow-skincare"
    },
    {
      "id_produk": "3",
      "slug": "anti-aging-cream",
      "nama": "Anti-Aging Cream",
      "harga": 170000,
      "deskripsi": "Krim anti-tua agar kulit polos dan mudah.",
      "kategori": "Produk",
      "gambar": ["anti-aging-cream.jpg"],
      "disukai": 0,
      "id_penjual": "beauty-glow-skincare",
      "id_toko": "beauty-glow-skincare"
    }
  ]
}
