{
  "data": [
    {
      "id_toko": "cassie-bakery",
      "slug": "cassie-bakery",
      "nama": "Cassie Bakery",
      "google_maps_src": "Tidak ada",
      "kontak": "081229941540",
      "alamat": "Wale Manguni",
      "deskripsi": "",
      "waktu_buka": "",
      "waktu_tutup": "",
      "disukai": 0,
      "pengikut": 0,
      "gambar": "",
      "id_penjual": "cassie-seller"
    },
    {
      "id_toko": "viels-design-studio",
      "slug": "viels-design-studio",
      "nama": "Viel's Design Studio",
      "google_maps_src": "https://www.google.com/maps/embed?pb=!1m14!1m12!1m3!1d225.81058233216015!2d124.84462770733869!3d1.4598856295114013!2m3!1f0!2f0!3f0!3m2!1i1024!2i768!4f13.1!5e1!3m2!1sid!2sid!4v1713069296764!5m2!1sid!2sid",
      "kontak": "081257425018",
      "alamat": "Jalan Arnold Mononotu",
      "deskripsi": "Digital artist Viel menyediakan berbagai jasa desain 2D custom mulai dari desain illustrasi karakter sampai desain logo perusahaan. Pelanggan bisa diskusi harga sesuai dengan tingkat kerincian detil desain yang diminta",
      "waktu_buka": "",
      "waktu_tutup": "",
      "disukai": 0,
      "pengikut": 0,
      "gambar": "viels-image.jpg",
      "id_penjual": "xavier-harahap"
    },
    {
      "id_toko": "syellys-cake-and-bakery",
      "slug": "syellys-cake-and-bakery",
      "nama": "Syelly's Cake and Bakery",
      "google_maps_src": "https://www.google.com/maps/embed?pb=!1m18!1m12!1m3!1d99761.15156048718!2d124.80661497591055!3d1.2951315964280001!2m3!1f0!2f0!3f0!3m2!1i1024!2i768!4f13.1!3m3!1m2!1s0x328715b13f445af7%3A0x164f3f9a2c72d9df!2sSyelly&#39;s%20Cake%20and%20Bakery!5e0!3m2!1sid!2sid!4v1713408347729!5m2!1sid!2sid",
      "kontak": "0822711100321",
      "alamat": "Tondano, Minahasa",
      "deskripsi": "Every cake have a different story, just like memories❤️",
      "waktu_buka": "09.00 WITA",
      "waktu_tutup": "21.00 WITA",
      "disukai": 112,
      "pengikut": 237,
      "gambar": "shop-profile-syelly.png",
      "id_penjual": "freya-tombokan"
    },
    {
      "id_toko": "kue-chintya",
      "slug": "kue-chintya",
      "nama": "Kue Chintya",
      "google_maps_src": "-",
      "kontak": "085314409775",
      "alamat": "Kampus",
      "deskripsi": "Menyediakan kue yang sederhana namun enak saat dimakan.",
      "waktu_buka": "10.00 WITA",
      "waktu_tutup": "15.00 WITA",
      "disukai": 93,
      "pengikut": 132,
      "gambar": "shop-profile-chintya.png",
      "id_penjual": "chintya-araman"
    },
    {
      "id_toko": "mie-jebeww",
      "slug": "mie-jebeww",
      "nama": "Mie Jebeww",
      "google_maps_src": "-",
      "kontak": "081256377331",
      "alamat": "Kleak, Malalayang",
      "deskripsi": "Toko ini tidak hanya menyajikan mie pedas secara konvensional, tetapi juga menyajikan kreasi-kreasi unik seperti mie pedas dengan campuran saus terasi atau mie pedas dengan tambahan daging ayam panggang yang juicy.",
      "waktu_buka": "14.00 WITA",
      "waktu_tutup": "20.00 WITA",
      "disukai": 201,
      "pengikut": 468,
      "gambar": "shop-profile-miejebeww.png",
      "id_penjual": "rizal-maulana"
    },
    {
      "id_toko": "warung-ayam-gurih",
      "slug": "warung-ayam-gurih",
      "nama": "Warung Ayam Gurih",
      "google_maps_src": "-",
      "kontak": "085795854421",
      "alamat": "Bahu, Malalayang",
      "deskripsi": "Menyajikan hidangan ayam yang gurih dan lezat, dengan cita rasa yang autentik dan khas.",
      "waktu_buka": "12.00 WITA",
      "waktu_tutup": "21.00 WITA",
      "disukai": 373,
      "pengikut": 410,
      "gambar": "shop-profile-warung-ayam-gurih.png",
      "id_penjual": "ricard-rungkat"
    },
    {
      "id_toko": "anjel-fashion",
      "slug": "anjel-fashion",
      "nama": "Anjel Fashion",
      "google_maps_src": "-",
      "kontak": "089711436264",
      "alamat": "Batu Kota, Malalayang",
      "deskripsi": "Temukan koleksi mode terbaru yang mengikuti tren terkini yang lengkap untuk melengkapi penampilan Anda.",
      "waktu_buka": "10.00 WITA",
      "waktu_tutup": "20.00 WITA",
      "disukai": 423,
      "pengikut": 532,
      "gambar": "shop-profile-anjel-fashion.png",
      "id_penjual": "anjel-mutiara"
    },
    {
      "id_toko": "faithaks",
      "slug": "faithaks",
      "nama": "Faith'Aks",
      "google_maps_src": "-",
      "kontak": "081235356263",
      "alamat": "Sario",
      "deskripsi": "Temukan koleksi mode terbaru yang mengikuti tren terkini yang lengkap untuk melengkapi penampilan Anda.",
      "waktu_buka": "14.00 WITA",
      "waktu_tutup": "19.00 WITA",
      "disukai": 423,
      "pengikut": 532,
      "gambar": "shop-profile-faithaks.png",
      "id_penjual": "faithful-mandagi"
    }
  ]
}
